{"accuracy": [0.43051522970199585, 0.7521311640739441, 0.8360655903816223, 0.8763700127601624, 0.9071194529533386, 0.9220843315124512, 0.9357611536979675, 0.945807933807373, 0.9521780014038086, 0.9610069990158081], "loss": [1.7810686826705933, 0.7569600939750671, 0.48907724022865295, 0.3654671013355255, 0.27658116817474365, 0.2259291559457779, 0.1866966038942337, 0.15646295249462128, 0.14036469161510468, 0.11665066331624985], "val_accuracy": [0.6943976283073425, 0.8026044368743896, 0.8690275549888611, 0.907251238822937, 0.8900130987167358, 0.9302979111671448, 0.9374180436134338, 0.9260820746421814, 0.9273936748504639, 0.9374180436134338], "val_loss": [0.938143789768219, 0.5867097973823547, 0.3877910077571869, 0.28157904744148254, 0.33843082189559937, 0.21586278080940247, 0.19119511544704437, 0.22657442092895508, 0.22555138170719147, 0.1981353759765625]}